8/30/2013,-61.54,*,,BANKCARD-8566 BTOT DEP 130829 518089424227932 ANIMAL ELEMENT
8/29/2013,276.1,*,,Animal Element 3104000256 130828 100145976375 Animal Element 0
8/29/2013,594.95,*,,BANKCARD-8566 MTOT DEP 130828 518089424227932 ANIMAL ELEMENT
8/28/2013,-370,*,,BILL PAY Brian Drummond ON-LINE No Account Number ON 08-28
8/28/2013,61.54,*,,BANKCARD-8566 MTOT DEP 130827 518089424227932 ANIMAL ELEMENT
8/28/2013,1168.47,*,,Animal Element 3104000256 130827 100145850900 Animal Element 0
8/27/2013,-3000,*,,WF Direct Pay-Payment- Tran ID DP038384976
8/27/2013,152.9,*,,BANKCARD-8566 MTOT DEP 130826 518089424227932 ANIMAL ELEMENT
8/27/2013,590.28,*,,Animal Element 3104000256 130826 100145627646 Animal Element 0
8/27/2013,1039.88,*,,Animal Element 3104000256 130826 100145552319 Animal Element 0
8/27/2013,1998.58,*,,Animal Element 3104000256 130826 100145726858 Animal Element 0
8/26/2013,-55.56,*,,PAYPAL INST XFER 130824 4X4J27DKTWC6L ANIMAL ELEMENT
8/26/2013,-83.44,*,,PAYPAL INST XFER 130826 4X4J27DRX2PTE ANIMAL ELEMENT
8/26/2013,-200,*,,VARUN KUMAR IAT PAYPAL 130826 J2222223L3ZXA ANIMAL ELEMENT
8/26/2013,417.17,*,,BANKCARD-8566 MTOT DEP 130823 518089424227932 ANIMAL ELEMENT
8/23/2013,-176,*,,NAVRANG OZA IAT PAYPAL 130823 J2222223JJQJJ ANIMAL ELEMENT
8/23/2013,-163.77,*,,BILL PAY UNISHIPPERS ON-LINE xxxxxx18731 ON 08-23
8/23/2013,260.87,*,,BANKCARD-8566 MTOT DEP 130822 518089424227932 ANIMAL ELEMENT
8/22/2013,-99,*,,CHECK CRD PURCHASE 08/21 ROCKET WEB 855-624-3686 IL 425907XXXXXX3535 083232793587721 ?MCC=5045
8/22/2013,325.81,*,,BANKCARD-8566 MTOT DEP 130821 518089424227932 ANIMAL ELEMENT
8/21/2013,181.62,*,,BANKCARD-8566 BTOT DEP 130820 518089424227932 ANIMAL ELEMENT
8/21/2013,260.7,*,,Animal Element 3104000256 130820 100145079260 Animal Element 0
8/20/2013,-49.54,*,,PAYPAL INST XFER 130820 4X4J27D69TNQN ANIMAL ELEMENT
8/20/2013,-587.5,*,,BILL PAY APP GLOBAL INC. ON-LINE No Account Number ON 08-20
8/20/2013,87.8,*,,BANKCARD-8566 MTOT DEP 130819 518089424227932 ANIMAL ELEMENT
8/20/2013,1414.65,*,,Animal Element 3104000256 130819 100144861207 Animal Element 0
8/20/2013,1815.33,*,,Animal Element 3104000256 130819 100144955781 Animal Element 0
8/19/2013,-2775,*,,WF Direct Pay-Payment- Tran ID DP038150556
8/19/2013,-15,*,,RECUR DEBIT CRD PMT08/18 PAYPAL *TRAVELINGM 402-935-7733 NC 425907XXXXXX3535 083230414781616 ?MCC=7311
8/19/2013,99.45,*,,BANKCARD-8566 MTOT DEP 130818 518089424227932 ANIMAL ELEMENT
8/19/2013,199.66,*,,BANKCARD-8566 MTOT DEP 130818 518089424227932 ANIMAL ELEMENT
8/16/2013,-50,*,,BILL PAY VICKI FRENCH RECURRINGNo account number ON 08-16
8/16/2013,373.43,*,,BANKCARD-8566 BTOT DEP 130815 518089424227932 ANIMAL ELEMENT
8/15/2013,-100,*,,RECURRING TRANSFER TO ANIMAL ELEMENT LLC BUSINESS MARKET RATE SAVINGS REF #OPEMXD9FXK XXXXXX6133
8/15/2013,666.97,*,,Animal Element 3104000256 130814 100144411629 Animal Element 0
8/15/2013,2691.56,*,,BANKCARD-8566 BTOT DEP 130814 518089424227932 ANIMAL ELEMENT
8/14/2013,-322.19,*,,BILL PAY Old Dominion Fre ON-LINE No Account Number ON 08-14
8/14/2013,-269.04,*,,BILL PAY UNISHIPPERS ON-LINE xxxxxx18731 ON 08-14
8/14/2013,-105.78,*,,RECUR DEBIT CRD PMT08/13 T-MOBILE RECURRING 800-937-8997 WA 425907XXXXXX3535 003225433770826 ?MCC=4814
8/13/2013,-250,*,,WF Direct Pay-Payment- Tran ID DP037941758
8/13/2013,287.4,*,,Animal Element 3104000256 130812 100144084954 Animal Element 0
8/13/2013,1673.08,*,,Animal Element 3104000256 130812 100144015181 Animal Element 0
8/12/2013,-10,*,,RECUR DEBIT CRD PMT08/11 BACKBLAZE BACKUP 650-352-3738 CA 425907XXXXXX3535 283223459624097 ?MCC=5734
8/12/2013,-29,*,,CHECK CRD PURCHASE 08/09 D&B*HOOVERS 866-307-3812 TX 425907XXXXXX3535 083221776681183 ?MCC=7399
8/12/2013,108.95,*,,BANKCARD-8566 MTOT DEP 130811 518089424227932 ANIMAL ELEMENT
8/12/2013,213.87,*,,BANKCARD-8566 MTOT DEP 130811 518089424227932 ANIMAL ELEMENT
8/9/2013,-233.08,*,,WF Direct Pay-Payment- Tran ID DP037877402
8/9/2013,108.95,*,,BANKCARD-8566 MTOT DEP 130808 518089424227932 ANIMAL ELEMENT
8/8/2013,-4,*,,DIRECT PAY INDIVIDUAL PYMT TRANS
8/8/2013,-10,*,,DIRECT PAY MONTHLY BASE
8/8/2013,-14.95,*,,QUICKBOOKS BANKING
8/8/2013,99.45,*,,BANKCARD-8566 MTOT DEP 130807 518089424227932 ANIMAL ELEMENT
8/8/2013,1044.26,*,,Animal Element 3104000256 130807 100143679425 Animal Element 0
8/7/2013,-7.95,*,,"Bluepay,Inc. 8667398324 130806 100143571470 Animal Element 000"
8/7/2013,-18.94,*,,"Bluepay,Inc. 8667398324 130806 100143570018 Animal Element 000"
8/7/2013,-1086,*,,BILL PAY TENNESSEE FARMER ON-LINE No Account Number ON 08-07
8/7/2013,147.67,*,,Animal Element 3104000256 130806 100143558230 Animal Element 0
8/7/2013,618.3,*,,BANKCARD-8566 BTOT DEP 130806 518089424227932 ANIMAL ELEMENT
8/6/2013,-184.5,*,,BILL PAY DFW DISTRIBUTION ON-LINE No account number ON 08-06
8/6/2013,-54.63,*,,BILL PAY GRAPHIC PRODUCTI ON-LINE No account number ON 08-06
8/6/2013,-0.67,*,,CHECK CRD PURCHASE 08/06 Amazon Web Service aws.amazon.co WA 425907XXXXXX3535 083218111901103 ?MCC=7399
8/6/2013,-248,*,,WF Direct Pay-Payment- Tran ID DP037716876
8/6/2013,-232,*,,CHECK CRD PURCHASE 08/05 NATURVET 888-628-8783 CA 425907XXXXXX3535 083217847810277 ?MCC=5199
8/6/2013,-35.24,*,,"CHECK CRD PURCHASE 08/05 RINGCENTRAL, INC 650-4724100 CA 425907XXXXXX3535 383217450579922 ?MCC=4814"
8/6/2013,297.06,*,,BANKCARD-8566 MTOT DISC 130731 518089424227932 ANIMAL ELEMENT
8/6/2013,400,*,,Animal Element 3104000256 130805 100143183508 Animal Element 0
8/6/2013,971.98,*,,BANKCARD-8566 MTOT DEP 130805 518089424227932 ANIMAL ELEMENT
8/6/2013,1454.77,*,,Animal Element 3104000256 130805 100143434710 Animal Element 0
8/5/2013,-297.06,*,,BANKCARD-8566 MTOT DISC 130731 518089424227932 ANIMAL ELEMENT
8/5/2013,-297.06,*,,BANKCARD-8566 MTOT DISC 130731 518089424227932 ANIMAL ELEMENT
8/5/2013,-180,*,,WF Direct Pay-Payment- Tran ID DP037689102
8/5/2013,-53.54,*,,CHECK CRD PURCHASE 08/03 TURBOBRIDGE 888-666-3620 MD 425907XXXXXX3535 163215294594546 ?MCC=4814
8/5/2013,43.95,*,,BANKCARD-8566 MTOT DEP 130802 518089424227932 ANIMAL ELEMENT
8/5/2013,710.04,*,,BANKCARD-8566 BTOT DEP 130804 518089424227932 ANIMAL ELEMENT
8/2/2013,-7.95,*,,ANIMAL ELEMENT Svc Fees 130801 ANIMAL ELEMENT
8/2/2013,99.45,*,,BANKCARD-8566 MTOT DEP 130801 518089424227932 ANIMAL ELEMENT
8/1/2013,-1668.85,*,,CHECK CRD PURCHASE 07/31 STARWEST BOTANICAL 916-6388100 CA 425907XXXXXX3535 163210741028653 ?MCC=5199
8/1/2013,-1690.45,*,,CHECK CRD PURCHASE 07/30 DIECUTSTICKERS.COM 206-8163421 WA 425907XXXXXX3535 083212010037077 ?MCC=5999
8/1/2013,626.35,*,,BANKCARD-8566 MTOT DEP 130731 518089424227932 ANIMAL ELEMENT
8/1/2013,1982.32,*,,Animal Element 3104000256 130731 100142693995 Animal Element 0
7/31/2013,-4956.56,*,,CHASE EPAY 130730 1612578988 CHRISTOPHER H JONES
7/31/2013,-2897.42,*,,WF Direct Pay-Payment- Tran ID DP037500422
7/31/2013,99.45,*,,BANKCARD-8566 BTOT DEP 130730 518089424227932 ANIMAL ELEMENT
7/30/2013,90.85,*,,BANKCARD-8566 MTOT DEP 130729 518089424227932 ANIMAL ELEMENT
7/30/2013,208.68,*,,Animal Element 3104000256 130729 100142218485 Animal Element 0
7/29/2013,-220,*,,WF Direct Pay-Payment- Tran ID DP037411132
7/29/2013,-10.17,*,,CHECK CRD PURCHASE 07/26 GODADDY.COM 480-5058855 AZ 425907XXXXXX3535 303208074524546 ?MCC=4816
7/29/2013,214,*,,BANKCARD-8566 MTOT DEP 130728 518089424227932 ANIMAL ELEMENT
7/29/2013,505.92,*,,BANKCARD-8566 MTOT DEP 130726 518089424227932 ANIMAL ELEMENT
7/26/2013,776.78,*,,BANKCARD-8566 MTOT DEP 130725 518089424227932 ANIMAL ELEMENT
7/26/2013,-5,*,,1 CANADIAN DEP ITEMS @ 5.00 PER ITEM
7/25/2013,319.35,*,,BANKCARD-8566 MTOT DEP 130724 518089424227932 ANIMAL ELEMENT
7/25/2013,1774.15,*,,DEPOSIT MADE IN A BRANCH/STORE #633223798
7/24/2013,-620.53,*,,BILL PAY DFW DISTRIBUTION ON-LINE No account number ON 07-24
7/24/2013,433.71,*,,BANKCARD-8566 BTOT DEP 130723 518089424227932 ANIMAL ELEMENT
7/23/2013,323.6,*,,BANKCARD-8566 MTOT DEP 130722 518089424227932 ANIMAL ELEMENT
7/23/2013,1187.25,*,,Animal Element 3104000256 130722 100141489075 Animal Element 0
7/22/2013,-375,*,,KADRI AZHARUDDIN IAT PAYPAL 130722 4X4J279X36EZ8 ANIMAL ELEMENT
7/22/2013,127.9,*,,BANKCARD-8566 BTOT DEP 130721 518089424227932 ANIMAL ELEMENT
7/19/2013,-900,*,,CHECK CRD PURCHASE 07/18 EQUINE MEDIA WORLD 816-651-3055 MO 425907XXXXXX3535 163199744711924 ?MCC=7311
7/19/2013,-15,*,,RECUR DEBIT CRD PMT07/18 PAYPAL *TRAVELINGM 402-935-7733 NC 425907XXXXXX3535 083199429006219 ?MCC=7311
7/19/2013,99.45,*,,BANKCARD-8566 MTOT DEP 130718 518089424227932 ANIMAL ELEMENT
7/18/2013,-319.77,*,,CHECK CRD PURCHASE 07/17 STARWEST BOTANICAL 916-6388100 CA 425907XXXXXX3535 283197856411385 ?MCC=5199
7/18/2013,-181.7,*,,CHECK CRD PURCHASE 07/17 NUTRACEUTICALS INT 201-3992333 NJ 425907XXXXXX3535 283198657334872 ?MCC=5499
7/18/2013,284.01,*,,Animal Element 3104000256 130717 100141164772 Animal Element 0
7/18/2013,600.47,*,,BANKCARD-8566 MTOT DEP 130717 518089424227932 ANIMAL ELEMENT
7/17/2013,-2000,*,,WF Direct Pay-Payment- Tran ID DP037081640
7/17/2013,268.25,*,,BANKCARD-8566 BTOT DEP 130716 518089424227932 ANIMAL ELEMENT
7/17/2013,365,*,,PAYPAL TRANSFER 130717 4X4J279DKSG7G ANIMAL ELEMENT
7/17/2013,1090.47,*,,Animal Element 3104000256 130716 100141044158 Animal Element 0
7/16/2013,-50,*,,BILL PAY VICKI FRENCH RECURRINGNo account number ON 07-16
7/16/2013,99.45,*,,BANKCARD-8566 MTOT DEP 130715 518089424227932 ANIMAL ELEMENT
7/15/2013,-100,*,,RECURRING TRANSFER TO ANIMAL ELEMENT LLC BUSINESS MARKET RATE SAVINGS REF #OPEQT5SSTB XXXXXX6133
7/15/2013,-72.63,*,,CHECK CRD PURCHASE 07/14 TMC*TIME WARNER CO 888-TWCABLE CA 425907XXXXXX3535 083193095237620 ?MCC=4899
7/15/2013,-111.83,*,,RECUR DEBIT CRD PMT07/13 T-MOBILE RECURRING 800-937-8997 WA 425907XXXXXX3535 003194432561032 ?MCC=4814
7/15/2013,285.34,*,,BANKCARD-8566 MTOT DEP 130714 518089424227932 ANIMAL ELEMENT
7/15/2013,1712.45,*,,BANKCARD-8566 MTOT DEP 130712 518089424227932 ANIMAL ELEMENT
7/12/2013,-10,*,,RECUR DEBIT CRD PMT07/11 BACKBLAZE BACKUP 650-352-3738 CA 425907XXXXXX3535 283192425140955 ?MCC=5734
7/12/2013,1696.63,*,,BANKCARD-8566 BTOT DEP 130711 518089424227932 ANIMAL ELEMENT
7/11/2013,43.95,*,,BANKCARD-8566 MTOT DEP 130710 518089424227932 ANIMAL ELEMENT
7/10/2013,-1150,*,,BILL PAY Berry Accounting ON-LINE No Account Number ON 07-10
7/10/2013,-1000,*,,WF Direct Pay-Payment- Tran ID DP036832716
7/10/2013,-1000,*,,"ONLINE TRANSFER TO PUNCHING PRO, LLC. BUSINESS CHECKING XXXXXX1396 REF #IBEJZZKVN8 ON 07/09/13"
7/10/2013,631.07,*,,BANKCARD-8566 BTOT DEP 130709 518089424227932 ANIMAL ELEMENT
7/9/2013,-3,*,,ONLINE DEP DETAIL & IMAGES
7/9/2013,-3,*,,DIRECT PAY NONWF BUS PYMT TRANS
7/9/2013,-3.5,*,,DIRECT PAY INDIVIDUAL PYMT TRANS
7/9/2013,-10,*,,DIRECT PAY MONTHLY BASE
7/9/2013,-14.95,*,,QUICKBOOKS BANKING
7/9/2013,76.97,*,,Animal Element 3104000256 130708 100140168298 Animal Element 0
7/9/2013,118.95,*,,BANKCARD-8566 MTOT DEP 130708 518089424227932 ANIMAL ELEMENT
7/9/2013,1311.5,*,,Animal Element 3104000256 130708 100140073648 Animal Element 0
7/8/2013,-7.95,*,,"Bluepay,Inc. 8667398324 130705 100139843741 Animal Element 000"
7/8/2013,-17.05,*,,"Bluepay,Inc. 8667398324 130705 100139844701 Animal Element 000"
7/8/2013,-352,*,,WF Direct Pay-Payment- Tran ID DP036753230
7/8/2013,-29.42,*,,POS PURCHASE - OFFICE DEPOT 00 HAWTHORNE CA 3535 00000000240488041
7/8/2013,-35.24,*,,"CHECK CRD PURCHASE 07/05 RINGCENTRAL, INC 650-4724100 CA 425907XXXXXX3535 463186447305151 ?MCC=4814"
7/8/2013,47.95,*,,BANKCARD-8566 MTOT DEP 130707 518089424227932 ANIMAL ELEMENT
7/5/2013,-2500,*,,CHASE EPAY 130703 1593943908 CHRISTOPHER H JONES
7/5/2013,-1500,*,,WF Direct Pay-Payment- Tran ID DP036725124
7/5/2013,-1000,*,,"ONLINE TRANSFER TO PUNCHING PRO, LLC. BUSINESS CHECKING XXXXXX1396 REF #IBE2JQ7XM4 ON 07/05/13"
7/5/2013,-9.95,*,,CHECK CRD PURCHASE 07/03 TURBOBRIDGE 888-666-3620 MD 425907XXXXXX3535 003184303744705 ?MCC=4814
7/5/2013,2633,*,,Animal Element 3104000256 130703 100139463992 Animal Element 0
7/3/2013,528,*,,BANKCARD-8566 BTOT DEP 130702 518089424227932 ANIMAL ELEMENT
7/2/2013,-10.25,*,,ANIMAL ELEMENT Svc Fees 130701 ANIMAL ELEMENT
7/2/2013,-273,*,,BANKCARD-8566 MTOT DISC 130630 518089424227932 ANIMAL ELEMENT
7/2/2013,99.45,*,,BANKCARD-8566 MTOT DEP 130701 518089424227932 ANIMAL ELEMENT
7/2/2013,5593.88,*,,Animal Element 3104000256 130701 100139189650 Animal Element 0
7/1/2013,-104,*,,CHECK CRD PURCHASE 06/30 INCORP SERVICES IN 702-866-2500 NV 425907XXXXXX3535 083181163406885 ?MCC=7399
7/1/2013,47.95,*,,BANKCARD-8566 MTOT DEP 130630 518089424227932 ANIMAL ELEMENT
7/1/2013,99.45,*,,BANKCARD-8566 MTOT DEP 130628 518089424227932 ANIMAL ELEMENT
6/28/2013,-3000,*,,CHASE EPAY 130627 1590133206 CHRISTOPHER H JONES
6/28/2013,-0.37,*,,BANKCARD-8566 BTOT ADJ 130627 518089424227932 ANIMAL ELEMENT
6/27/2013,-500,*,,WF Direct Pay-Payment- Tran ID DP036408104
6/27/2013,-500,*,,"ONLINE TRANSFER TO PUNCHING PRO, LLC. BUSINESS CHECKING XXXXXX1396 REF #IBE5FP8NR3 ON 06/27/13"
6/27/2013,845.67,*,,Animal Element 3104000256 130626 100138551631 Animal Element 0
6/27/2013,1476.36,*,,BANKCARD-8566 MTOT DEP 130626 518089424227932 ANIMAL ELEMENT
6/26/2013,174.58,*,,BANKCARD-8566 BTOT DEP 130625 518089424227932 ANIMAL ELEMENT
6/26/2013,367.68,*,,Animal Element 3104000256 130625 100138438439 Animal Element 0
6/24/2013,-165,*,,WF Direct Pay-Payment- Tran ID DP036290448
6/24/2013,177.67,*,,BANKCARD-8566 MTOT DEP 130623 518089424227932 ANIMAL ELEMENT
6/24/2013,463.55,*,,BANKCARD-8566 MTOT DEP 130621 518089424227932 ANIMAL ELEMENT
6/21/2013,-312.5,*,,BILL PAY D & L Accounting ON-LINE No Account Number ON 06-21
6/20/2013,-3019.5,*,,BILL PAY TENNESSEE FARMER ON-LINE No Account Number ON 06-20
6/20/2013,-772.5,*,,WF Direct Pay-Payment- Tran ID DP036205256
6/20/2013,539.5,*,,BANKCARD-8566 MTOT DEP 130619 518089424227932 ANIMAL ELEMENT
6/19/2013,-15,*,,RECUR DEBIT CRD PMT06/18 PAYPAL *TRAVELINGM 402-935-7733 NC 425907XXXXXX3535 083169423198182 ?MCC=7311
6/19/2013,87.9,*,,BANKCARD-8566 BTOT DEP 130618 518089424227932 ANIMAL ELEMENT
6/18/2013,-149.99,*,,PAYPAL INST XFER 130618 4X4J276JLFGVN ANIMAL ELEMENT
6/18/2013,-135.25,*,,BILL PAY APP GLOBAL INC. ON-LINE No Account Number ON 06-18
6/18/2013,-50,*,,BILL PAY VICKI FRENCH RECURRINGNo account number ON 06-18
6/17/2013,-199,*,,PAYPAL INST XFER 130617 4X4J276GRT8D6 ANIMAL ELEMENT
6/17/2013,-100,*,,RECURRING TRANSFER TO ANIMAL ELEMENT LLC BUSINESS MARKET RATE SAVINGS REF #OPE5FLG57Y XXXXXX6133
6/17/2013,-39.35,*,,CHECK CRD PURCHASE 06/14 PUREBULK INC 541-6791500 OR 425907XXXXXX3535 083164597729969 ?MCC=5499
6/17/2013,-82.36,*,,CHECK CRD PURCHASE 06/14 NUTRABIO.COM 888-688-7224 NJ 425907XXXXXX3535 083164582346113 ?MCC=5399
6/17/2013,954.08,*,,ANIMAL ELEMENT B:6000 130614 ANIMAL ELEMENT
6/17/2013,1167.5,*,,BANKCARD-8566 MTOT DEP 130616 518089424227932 ANIMAL ELEMENT
6/14/2013,-500,*,,WF Direct Pay-Payment- Tran ID DP036052422
6/14/2013,-500,*,,"ONLINE TRANSFER TO PUNCHING PRO, LLC. BUSINESS CHECKING XXXXXX1396 REF #IBEXLZ5PS5 ON 06/14/13"
6/14/2013,-153.3,*,,DEBIT CRD PURCHASE 06/13 CART2CART 1858201640 HK 425907XXXXXX3535 613165549282488 ?MCC=7372
6/14/2013,-110.54,*,,RECUR DEBIT CRD PMT06/13 T-MOBILE RECURRING 800-937-8997 WA 425907XXXXXX3535 163164424767633 ?MCC=4814
6/14/2013,90.45,*,,BANKCARD-8566 MTOT DEP 130613 518089424227932 ANIMAL ELEMENT
6/12/2013,-10,*,,RECUR DEBIT CRD PMT06/11 BACKBLAZE BACKUP 650-352-3738 CA 425907XXXXXX3535 083162424784798 ?MCC=5734
6/12/2013,1186.67,*,,BANKCARD-8566 MTOT DEP 130611 518089424227932 ANIMAL ELEMENT
6/11/2013,-183.75,*,,CHECK CRD PURCHASE 06/10 NATURVET 888-628-8783 CA 425907XXXXXX3535 283161844065307 ?MCC=5199
6/10/2013,-895.86,*,,BANKCARD-8566 MTOT DEP 130607 518089424227932 ANIMAL ELEMENT
6/10/2013,-2.5,*,,DIRECT PAY INDIVIDUAL PYMT TRANS
6/10/2013,-10,*,,DIRECT PAY MONTHLY BASE
6/10/2013,-14.95,*,,QUICKBOOKS BANKING
6/7/2013,-72.25,*,,PAYPAL INST XFER 130607 4X4J275JGDF7L ANIMAL ELEMENT
6/7/2013,-534.72,*,,WF Direct Pay-Payment- Tran ID DP035817102
6/7/2013,431.32,*,,BANKCARD-8566 BTOT DEP 130606 518089424227932 ANIMAL ELEMENT
6/7/2013,634.72,*,,PAYPAL TRANSFER 130607 4X4J275FZDTP6 ANIMAL ELEMENT
6/7/2013,1049.07,*,,ANIMAL ELEMENT B:5000 130606 ANIMAL ELEMENT
6/6/2013,-2000,*,,WF Direct Pay-Payment- Tran ID DP035748018
6/6/2013,-36.17,*,,"CHECK CRD PURCHASE 06/05 RINGCENTRAL, INC 650-4724100 CA 425907XXXXXX3535 303156447472224 ?MCC=4814"
6/6/2013,369.89,*,,BANKCARD-8566 BTOT DEP 130605 518089424227932 ANIMAL ELEMENT
6/6/2013,419.75,*,,ANIMAL ELEMENT B:4000 130605 ANIMAL ELEMENT
6/5/2013,-7.95,*,,"Bluepay,Inc. 8667398324 130604 100136085384 Animal Element 000"
6/5/2013,-7.95,*,,"Bluepay,Inc. 8667398324 130604 100136083833 Animal Element 000"
6/5/2013,-3000,*,,CHASE EPAY 130604 1574453281 CHRISTOPHER H JONES
6/5/2013,1793.48,*,,BANKCARD-8566 BTOT DEP 130604 518089424227932 ANIMAL ELEMENT
6/5/2013,1893.97,*,,ANIMAL ELEMENT B:3000 130604 ANIMAL ELEMENT
6/4/2013,-12.78,*,,ANIMAL ELEMENT Svc Fees 130603 ANIMAL ELEMENT
6/4/2013,-950,*,,WITHDRAWAL MADE IN A BRANCH/STORE
6/4/2013,-9.95,*,,CHECK CRD PURCHASE 06/03 TURBOBRIDGE 888-666-3620 MD 425907XXXXXX3535 083154300666606 ?MCC=4814
6/4/2013,2622.26,*,,ANIMAL ELEMENT B:2000 130603 ANIMAL ELEMENT
6/3/2013,-311.64,*,,BANKCARD-8566 MTOT DISC 130531 518089424227932 ANIMAL ELEMENT
6/3/2013,-2654,*,,WF Direct Pay-Payment- Tran ID DP035609346
6/3/2013,-104,*,,CHECK CRD PURCHASE 05/31 INCORP SERVICES IN 702-866-2500 NV 425907XXXXXX3535 163151800461173 ?MCC=7399
6/3/2013,534.47,*,,BANKCARD-8566 MTOT DEP 130531 518089424227932 ANIMAL ELEMENT
6/3/2013,688.2,*,,ANIMAL ELEMENT B:6000 130531 ANIMAL ELEMENT
5/31/2013,-49.16,*,,BILL PAY GRAPHIC PRODUCTI ON-LINE No account number ON 05-31
5/30/2013,525.24,*,,BANKCARD-8566 MTOT DEP 130529 518089424227932 ANIMAL ELEMENT
5/30/2013,1216.25,*,,ANIMAL ELEMENT B:4000 130529 ANIMAL ELEMENT
5/29/2013,-2000,*,,CHASE EPAY 130528 1569433467 CHRISTOPHER H JONES
5/29/2013,-30.93,*,,CHECK CRD PURCHASE 05/28 BOX BROS REDONDO B REDONDO BEACH CA 425907XXXXXX3535 003148752870756 ?MCC=5999
5/28/2013,176.43,*,,BANKCARD-8566 MTOT DEP 130524 518089424227932 ANIMAL ELEMENT
5/24/2013,1948.24,*,,ANIMAL ELEMENT B:5000 130523 ANIMAL ELEMENT
5/23/2013,256.79,*,,BANKCARD-8566 BTOT DEP 130522 518089424227932 ANIMAL ELEMENT
5/22/2013,-309.45,*,,BILL PAY DFW DISTRIBUTION ON-LINE No account number ON 05-22
5/22/2013,-185,*,,BILL PAY DFW DISTRIBUTION ON-LINE No account number ON 05-22
5/22/2013,-71.08,*,,POS PURCHASE - SPROUTS FARMERS MARKET REDONDO BEAC CA 3535 00383142163255636
5/22/2013,684.41,*,,BANKCARD-8566 MTOT DEP 130521 518089424227932 ANIMAL ELEMENT
5/22/2013,909.24,*,,ANIMAL ELEMENT B:3000 130521 ANIMAL ELEMENT
5/21/2013,-3000,*,,CHASE EPAY 130520 1564338429 CHRISTOPHER H JONES
5/21/2013,-2000,*,,WF Direct Pay-Payment- Tran ID DP035210732
5/21/2013,67.97,*,,ANIMAL ELEMENT B:2000 130520 ANIMAL ELEMENT
5/21/2013,221.31,*,,BANKCARD-8566 MTOT DEP 130520 518089424227932 ANIMAL ELEMENT
5/20/2013,-15,*,,RECUR DEBIT CRD PMT05/18 PAYPAL *TRAVELINGM 402-935-7733 NC 425907XXXXXX3535 163138426910360 ?MCC=7311
5/20/2013,554.22,*,,BANKCARD-8566 MTOT DEP 130519 518089424227932 ANIMAL ELEMENT
5/20/2013,943.41,*,,BANKCARD-8566 MTOT DEP 130517 518089424227932 ANIMAL ELEMENT
5/17/2013,-250,*,,"ONLINE TRANSFER TO PUNCHING PRO, LLC. REF #IBE2J9VG3X BUSINESS CHECKING VIA MOBILE"
5/17/2013,-72.63,*,,CHECK CRD PURCHASE 05/16 TMC*TIME WARNER CO 888-TWCABLE CA 425907XXXXXX3535 283134799087952 ?MCC=4899
5/17/2013,147.4,*,,BANKCARD-8566 MTOT DEP 130515 518089424227932 ANIMAL ELEMENT
5/16/2013,-2000,*,,"CHASE EPAY 130515 1561284754 ANIMAL ELEMENT, LLC."
5/16/2013,-50,*,,BILL PAY VICKI FRENCH RECURRINGNo account number ON 05-16
5/16/2013,-200,*,,"ONLINE TRANSFER TO PUNCHING PRO, LLC. REF #IBE5FBTD67 BUSINESS CHECKING VIA MOBILE"
5/16/2013,909.85,*,,ANIMAL ELEMENT B:3000 130515 ANIMAL ELEMENT
5/16/2013,1014.22,*,,ANIMAL ELEMENT B:4000 130515 ANIMAL ELEMENT
5/15/2013,-100,*,,RECURRING TRANSFER TO ANIMAL ELEMENT LLC BUSINESS MARKET RATE SAVINGS REF #OPETPNZ69F XXXXXX6133
5/15/2013,730.28,*,,BANKCARD-8566 BTOT DEP 130514 518089424227932 ANIMAL ELEMENT
5/14/2013,-98.21,*,,RECUR DEBIT CRD PMT05/13 T-MOBILE RECURRING 800-937-8997 WA 425907XXXXXX3535 003133434043607 ?MCC=4814
5/14/2013,593.48,*,,BANKCARD-8566 MTOT DEP 130513 518089424227932 ANIMAL ELEMENT
5/14/2013,600,*,,ANIMAL ELEMENT B:2000 130513 ANIMAL ELEMENT
5/13/2013,-112.6,*,,BANKCARD-8566 MTOT DEP 130510 518089424227932 ANIMAL ELEMENT
5/13/2013,-10,*,,RECUR DEBIT CRD PMT05/11 BACKBLAZE BACKUP 650-352-3738 CA 425907XXXXXX3535 003131461915209 ?MCC=5734
5/10/2013,-4000,*,,"CHASE EPAY 130509 1557150137 ANIMAL ELEMENT, LLC."
5/10/2013,-682,*,,WF Direct Pay-Payment- Tran ID DP034917482
5/10/2013,141.35,*,,BANKCARD-8566 BTOT DEP 130509 518089424227932 ANIMAL ELEMENT
5/10/2013,210.07,*,,ANIMAL ELEMENT B:4000 130509 ANIMAL ELEMENT
5/10/2013,640.59,*,,ANIMAL ELEMENT B:5000 130509 ANIMAL ELEMENT
5/9/2013,1577.62,*,,ANIMAL ELEMENT B:4000 130508 ANIMAL ELEMENT
5/9/2013,2837.45,*,,BANKCARD-8566 BTOT DEP 130508 518089424227932 ANIMAL ELEMENT
5/8/2013,-2.5,*,,DIRECT PAY INDIVIDUAL PYMT TRANS
5/8/2013,-3,*,,DIRECT PAY NONWF BUS PYMT TRANS
5/8/2013,-10,*,,DIRECT PAY MONTHLY BASE
5/8/2013,-14.95,*,,QUICKBOOKS BANKING
5/8/2013,59.95,*,,BANKCARD-8566 MTOT DEP 130507 518089424227932 ANIMAL ELEMENT
5/7/2013,-1750,*,,WF Direct Pay-Payment- Tran ID DP034766652
5/7/2013,-250,*,,"ONLINE TRANSFER TO PUNCHING PRO, LLC. BUSINESS CHECKING XXXXXX1396 REF #IBEC7CP4DS ON 05/07/13"
5/7/2013,870.81,*,,ANIMAL ELEMENT B:2000 130506 ANIMAL ELEMENT
5/6/2013,-322.6,*,,BILL PAY DFW DISTRIBUTION ON-LINE No account number ON 05-06
5/6/2013,-37.04,*,,"CHECK CRD PURCHASE 05/05 RINGCENTRAL, INC 650-4704100 CA 425907XXXXXX3535 463125455718623 ?MCC=4814"
5/6/2013,-9.95,*,,CHECK CRD PURCHASE 05/03 TURBOBRIDGE 888-666-3620 MD 425907XXXXXX3535 083123299651176 ?MCC=4814
5/6/2013,148.85,*,,BANKCARD-8566 MTOT DEP 130503 518089424227932 ANIMAL ELEMENT
5/3/2013,-1185.39,*,,FEDERAL EXPRESS DEBIT 130502 MMA10972184 ANIMAL ELEMENT
5/3/2013,685.71,*,,BANKCARD-8566 MTOT DEP 130502 518089424227932 ANIMAL ELEMENT
5/3/2013,824.99,*,,ANIMAL ELEMENT B:5000 130502 ANIMAL ELEMENT
5/2/2013,-14.16,*,,ANIMAL ELEMENT Svc Fees 130501 ANIMAL ELEMENT
5/2/2013,-279.67,*,,BANKCARD-8566 MTOT DISC 130430 518089424227932 ANIMAL ELEMENT
5/2/2013,1025.15,*,,BANKCARD-8566 MTOT DEP 130501 518089424227932 ANIMAL ELEMENT
5/1/2013,-2000,*,,"CHASE EPAY 130430 1550064426 ANIMAL ELEMENT, LLC."
5/1/2013,-3362.4,*,,BILL PAY TENNESSEE FARMER ON-LINE No Account Number ON 05-01
5/1/2013,-200,*,,"ONLINE TRANSFER TO PUNCHING PRO, LLC. BUSINESS CHECKING XXXXXX1396 REF #IBEMWGJRP3 ON 05/01/13"
5/1/2013,-145,*,,CHECK CRD PURCHASE 04/30 NATURVET 888-628-8783 CA 425907XXXXXX3535 083120598001541 ?MCC=5199
5/1/2013,286.46,*,,PAYPAL TRANSFER 130501 4X4J26ZNEVCQA ANIMAL ELEMENT
5/1/2013,639.48,*,,BANKCARD-8566 MTOT DEP 130430 518089424227932 ANIMAL ELEMENT
5/1/2013,789.77,*,,ANIMAL ELEMENT B:3000 130430 ANIMAL ELEMENT
4/30/2013,-100,*,6025,CHECK # 6025
4/29/2013,193.36,*,,BANKCARD-8566 MTOT DEP 130426 518089424227932 ANIMAL ELEMENT
4/26/2013,237.8,*,,BANKCARD-8566 MTOT DEP 130425 518089424227932 ANIMAL ELEMENT
4/25/2013,-2500,*,,"CHASE EPAY 130424 1546804258 ANIMAL ELEMENT, LLC."
4/25/2013,70.03,*,,BANKCARD-8566 MTOT DEP 130424 518089424227932 ANIMAL ELEMENT
4/25/2013,1461.6,*,,ANIMAL ELEMENT B:4000 130424 ANIMAL ELEMENT
4/24/2013,1013.43,*,,BANKCARD-8566 MTOT DEP 130423 518089424227932 ANIMAL ELEMENT
4/23/2013,170.43,*,,ANIMAL ELEMENT B:2000 130422 ANIMAL ELEMENT
4/22/2013,-1500,*,,WF Direct Pay-Payment- Tran ID DP034280238
4/22/2013,-49,*,,DEBIT CRD PURCHASE 04/18 MB*MONEYBOOKERS.CO LONDON GB 425907XXXXXX3535 853110008743371 ?MCC=8999
4/22/2013,1000,*,,ANIMAL ELEMENT B:5000 130419 ANIMAL ELEMENT
4/19/2013,-2000,*,,"CHASE EPAY 130418 1543030809 ANIMAL ELEMENT, LLC."
4/19/2013,-15,*,,RECUR DEBIT CRD PMT04/18 PAYPAL *TRAVELINGM 402-935-7733 NC 425907XXXXXX3535 283108426685588 ?MCC=7399
4/19/2013,839.94,*,,ANIMAL ELEMENT B:4000 130418 ANIMAL ELEMENT
4/19/2013,2251.61,*,,BANKCARD-8566 MTOT DEP 130418 518089424227932 ANIMAL ELEMENT
4/18/2013,-376.48,*,,BILL PAY Old Dominion Fre ON-LINE No Account Number ON 04-18
4/18/2013,96.45,*,,BANKCARD-8566 MTOT DEP 130417 518089424227932 ANIMAL ELEMENT
4/18/2013,1577.96,*,,ANIMAL ELEMENT B:4000 130417 ANIMAL ELEMENT
4/17/2013,-27.31,*,,BILL PAY GRAPHIC PRODUCTI ON-LINE No account number ON 04-17
4/17/2013,-159.98,*,,CHECK CRD PURCHASE 04/17 INTUIT *TURBOTAX 800-446-8848 CA 425907XXXXXX3535 083105829758767 ?MCC=5734
4/17/2013,1259.06,*,,ANIMAL ELEMENT B:3000 130416 ANIMAL ELEMENT
4/16/2013,-6489.87,*,,"CHASE EPAY MOBIL 130415 1540602624 ANIMAL ELEMENT, LLC."
4/16/2013,-50,*,,BILL PAY VICKI FRENCH RECURRINGNo account number ON 04-16
4/16/2013,-667.99,*,,CHECK CRD PURCHASE 04/14 PAYPAL *USHIP INC 800-698-7447 TX 425907XXXXXX2465 163104742666141 ?MCC=7399
4/15/2013,-100,*,,RECURRING TRANSFER TO ANIMAL ELEMENT LLC BUSINESS MARKET RATE SAVINGS REF #OPEMWB4V42 XXXXXX6133
4/15/2013,-900,*,,CHECK CRD PURCHASE 04/14 EQUINE MEDIA WORLD 816-651-3055 MO 425907XXXXXX3535 003104591302255 ?MCC=7311
4/15/2013,-98.21,*,,RECUR DEBIT CRD PMT04/13 T-MOBILE RECURRING 800-937-8997 WA 425907XXXXXX3535 083103430443621 ?MCC=4814
4/15/2013,-1358.02,*,,CHECK CRD PURCHASE 04/11 FREIGHTQUOTE COM 888-595-5664 KS 425907XXXXXX3535 283101597961295 ?MCC=4215
4/12/2013,-369.14,*,6024,CHECK # 6024
4/12/2013,-849.04,*,,CHECK CRD PURCHASE 04/11 NATURVET 888-628-8783 CA 425907XXXXXX3535 083101661460790 ?MCC=5199
4/12/2013,-10,*,,RECUR DEBIT CRD PMT04/11 BACKBLAZE BACKUP 650-352-3738 CA 425907XXXXXX3535 283101425720222 ?MCC=5734
4/12/2013,1285.09,*,,BANKCARD-8566 MTOT DEP 130411 518089424227932 ANIMAL ELEMENT
4/12/2013,1981.09,*,,ANIMAL ELEMENT B:5000 130411 ANIMAL ELEMENT
4/11/2013,-1288.05,*,,CHECK CRD PURCHASE 04/10 NATURVET 888-628-8783 CA 425907XXXXXX3535 283100715636178 ?MCC=5199
4/11/2013,1800.77,*,,ANIMAL ELEMENT B:4000 130410 ANIMAL ELEMENT
4/11/2013,2024.57,*,,BANKCARD-8566 MTOT DEP 130410 518089424227932 ANIMAL ELEMENT
4/10/2013,-90,*,,BILL PAY VICKI FRENCH ON-LINE No account number ON 04-10
4/10/2013,-48.9,*,,CHECK CRD PURCHASE 04/09 SYX*GLOBALINDUSTRI 800-645-2986 FL 425907XXXXXX3535 083094697158351 ?MCC=5085
4/10/2013,67.97,*,,BANKCARD-8566 MTOT DEP 130409 518089424227932 ANIMAL ELEMENT
4/10/2013,621.19,*,,ANIMAL ELEMENT B:2000 130409 ANIMAL ELEMENT
4/10/2013,1589.14,*,,ANIMAL ELEMENT B:3000 130409 ANIMAL ELEMENT
4/9/2013,-275,*,,WF Direct Pay-Payment- Tran ID DP033872714
4/8/2013,-37.04,*,,"CHECK CRD PURCHASE 04/05 RINGCENTRAL, INC 650-4704100 CA 425907XXXXXX3535 583095444578139 ?MCC=4814"
4/8/2013,-2,*,,DIRECT PAY INDIVIDUAL PYMT TRANS
4/8/2013,-3,*,,DIRECT PAY NONWF BUS PYMT TRANS
4/8/2013,-10,*,,DIRECT PAY MONTHLY BASE
4/8/2013,-14.95,*,,QUICKBOOKS BANKING
4/8/2013,707.21,*,,ANIMAL ELEMENT B:5000 130405 ANIMAL ELEMENT
4/8/2013,726.68,*,,BANKCARD-8566 BTOT DEP 130405 518089424227932 ANIMAL ELEMENT
4/5/2013,-2500,*,,"CHASE EPAY 130404 1533229095 ANIMAL ELEMENT, LLC."
4/5/2013,-305.55,*,,WITHDRAWAL MADE IN A BRANCH/STORE
4/4/2013,-9.95,*,,CHECK CRD PURCHASE 04/03 TURBOBRIDGE 888-666-3620 MD 425907XXXXXX3535 083093299544539 ?MCC=4814
4/4/2013,1100.44,*,,ONLINE TRANSFER FROM ANIMAL ELEMENT LLC BUSINESS MARKET RATE SAVINGS XXXXXX6133 REF #IBEG44M34C ON 04/04/13
4/3/2013,-32.78,*,,BILL PAY GRAPHIC PRODUCTI ON-LINE No account number ON 04-03
4/3/2013,308.04,*,,BANKCARD-8566 MTOT DEP 130402 518089424227932 ANIMAL ELEMENT
4/2/2013,-11.4,*,,ANIMAL ELEMENT Svc Fees 130401 ANIMAL ELEMENT
4/2/2013,-265.43,*,,BANKCARD-8566 MTOT DISC 130331 518089424227932 ANIMAL ELEMENT
4/2/2013,-1500,*,,WF Direct Pay-Payment- Tran ID DP033665068
4/2/2013,962.5,*,,PAYPAL TRANSFER 130402 4X4J26WPX88BY ANIMAL ELEMENT
4/2/2013,1484.07,*,,ANIMAL ELEMENT B:2000 130401 ANIMAL ELEMENT
4/1/2013,-45,*,,CHECK CRD PURCHASE 03/30 EVERNOTE.COM 650-257-0885 CA 425907XXXXXX3535 003088701474217 ?MCC=7375
4/1/2013,-134.07,*,,CHECK CRD PURCHASE 03/29 NUTRACEUTICALS INT 201-3992333 NJ 425907XXXXXX3535 083088717878722 ?MCC=5499
3/29/2013,-115.34,*,,CHECK CRD PURCHASE 03/28 MONTEREY BAY SPICE 831-426-2808 CA 425907XXXXXX3535 163086607955923 ?MCC=5399
3/29/2013,1025.89,*,,BANKCARD-8566 MTOT DEP 130328 518089424227932 ANIMAL ELEMENT
3/28/2013,-1977.69,*,,BILL PAY APP Global Inc. ON-LINE No Account Number ON 03-28
3/28/2013,397.31,*,,BANKCARD-8566 BTOT DEP 130327 518089424227932 ANIMAL ELEMENT
3/27/2013,-2261.23,*,,WF Direct Pay-Payment- Tran ID DP033454562
3/26/2013,-945.35,*,,BILL PAY Old Dominion Fre ON-LINE No Account Number ON 03-26
3/26/2013,646.12,*,,BANKCARD-8566 MTOT DEP 130325 518089424227932 ANIMAL ELEMENT
3/25/2013,567.87,*,,BANKCARD-8566 MTOT DEP 130324 518089424227932 ANIMAL ELEMENT
3/25/2013,1654.89,*,,ANIMAL ELEMENT B:6000 130324 ANIMAL ELEMENT
3/20/2013,-2000,*,,WF Direct Pay-Payment- Tran ID DP033280066
3/20/2013,686.61,*,,ANIMAL ELEMENT Reinits 130319 ANIMAL ELEMENT
3/20/2013,1000.34,*,,BANKCARD-8566 MTOT DEP 130319 518089424227932 ANIMAL ELEMENT
3/20/2013,3618.31,*,,ANIMAL ELEMENT B:3000 130319 ANIMAL ELEMENT
3/19/2013,-10727.5,*,,WF Direct Pay-Payment- Tran ID DP033249258
3/19/2013,-15,*,,RECUR DEBIT CRD PMT03/18 PAYPAL *TRAVELINGM 402-935-7733 NC 425907XXXXXX3535 283077424072118 ?MCC=7399
3/19/2013,170.77,*,,BANKCARD-8566 MTOT DEP 130318 518089424227932 ANIMAL ELEMENT
3/19/2013,1471.72,*,,ANIMAL ELEMENT B:2000 130318 ANIMAL ELEMENT
3/18/2013,-50,*,,BILL PAY VICKI FRENCH RECURRINGNo account number ON 03-18
3/18/2013,569.19,*,,BANKCARD-8566 BTOT DEP 130315 518089424227932 ANIMAL ELEMENT
3/18/2013,741.12,*,,BANKCARD-8566 MTOT DEP 130317 518089424227932 ANIMAL ELEMENT
3/15/2013,-100,*,,RECURRING TRANSFER TO ANIMAL ELEMENT LLC BUSINESS MARKET RATE SAVINGS REF #OPEMW2KF4N XXXXXX6133
3/15/2013,357.89,*,,BANKCARD-8566 BTOT DEP 130314 518089424227932 ANIMAL ELEMENT
3/14/2013,-98.77,*,,RECUR DEBIT CRD PMT03/13 T-MOBILE RECURRING 800-937-8997 WA 425907XXXXXX3535 283072423181452 ?MCC=4814
3/14/2013,416.97,*,,ANIMAL ELEMENT B:4000 130313 ANIMAL ELEMENT
3/13/2013,-799.6,*,6022,CHECK # 6022
3/13/2013,849.42,*,,BANKCARD-8566 MTOT DEP 130312 518089424227932 ANIMAL ELEMENT
3/12/2013,-54.63,*,,BILL PAY GRAPHIC PRODUCTI ON-LINE No account number ON 03-12
3/12/2013,-10,*,,RECUR DEBIT CRD PMT03/11 BACKBLAZE BACKUP 650-352-3738 CA 425907XXXXXX3535 003070425321263 ?MCC=5734
3/12/2013,444.4,*,,BANKCARD-8566 MTOT DEP 130311 518089424227932 ANIMAL ELEMENT
3/11/2013,169.24,*,,BANKCARD-8566 MTOT DEP 130310 518089424227932 ANIMAL ELEMENT
3/11/2013,323.57,*,,BANKCARD-8566 MTOT DEP 130308 518089424227932 ANIMAL ELEMENT
3/8/2013,-2.5,*,,DIRECT PAY INDIVIDUAL PYMT TRANS
3/8/2013,-3,*,,ONLINE DEP DETAIL & IMAGES
3/8/2013,-10,*,,DIRECT PAY MONTHLY BASE
3/8/2013,-14.95,*,,QUICKBOOKS BANKING
3/6/2013,-686.61,*,,ANIMAL ELEMENT Returns 130305 ANIMAL ELEMENT
3/6/2013,-37.04,*,,"CHECK CRD PURCHASE 03/05 RINGCENTRAL, INC 650-4704100 CA 425907XXXXXX3535 583064479990541 ?MCC=4814"
3/6/2013,464.26,*,,BANKCARD-8566 MTOT DEP 130305 518089424227932 ANIMAL ELEMENT
3/6/2013,686.61,*,,ANIMAL ELEMENT Reinits 130305 ANIMAL ELEMENT
3/5/2013,-56,*,,"CHASE EPAY 130304 1511773858 ANIMAL ELEMENT, LLC."
3/5/2013,-2000,*,,WF Direct Pay-Payment- Tran ID DP032815156
3/5/2013,-54.74,*,,CHECK CRD PURCHASE 03/03 BROOKSTONE 249 SANTA MONICA CA 425907XXXXXX3535 163062831016126 ?MCC=5947
3/5/2013,760,*,,ANIMAL ELEMENT 2000 130304 ANIMAL ELEMENT
3/5/2013,847.93,*,,BANKCARD-8566 BTOT DEP 130304 518089424227932 ANIMAL ELEMENT
3/5/2013,1123.01,*,,ANIMAL ELEMENT B:2000 130304 ANIMAL ELEMENT
3/4/2013,-22.32,*,,ANIMAL ELEMENT Svc Fees 130301 ANIMAL ELEMENT
3/4/2013,-240.11,*,,BANKCARD-8566 MTOT DISC 130228 518089424227932 ANIMAL ELEMENT
3/4/2013,-9.95,*,,CHECK CRD PURCHASE 03/03 TURBOBRIDGE 888-666-3620 MD 425907XXXXXX3535 163062336179755 ?MCC=4814
3/4/2013,598.68,*,,BANKCARD-8566 MTOT DEP 130301 518089424227932 ANIMAL ELEMENT
3/4/2013,2099.47,*,,ANIMAL ELEMENT B:6000 130301 ANIMAL ELEMENT
3/1/2013,-686.61,*,,ANIMAL ELEMENT Returns 130228 ANIMAL ELEMENT
3/1/2013,351.86,*,,BANKCARD-8566 MTOT DEP 130228 518089424227932 ANIMAL ELEMENT
3/1/2013,737.48,*,,ANIMAL ELEMENT B:5000 130228 ANIMAL ELEMENT
2/28/2013,-498.16,*,,CHECK CRD PURCHASE 02/27 NATURVET 888-628-8783 CA 425907XXXXXX3535 003058763704621 ?MCC=5199
2/28/2013,34.97,*,,ANIMAL ELEMENT B:4000 130227 ANIMAL ELEMENT
2/28/2013,429.75,*,,BANKCARD-8566 MTOT DEP 130227 518089424227932 ANIMAL ELEMENT
2/27/2013,10.89,*,,RECUR DB CD PMT REV02/26 BEST BUY 0000 LAS VEGAS NV 425907XXXXXX3535 613058560702398 ?MCC=5732
2/27/2013,-2158.82,*,,CHECK CRD PURCHASE 02/26 NATURVET 888-628-8783 CA 425907XXXXXX3535 083057795575749 ?MCC=5199
2/27/2013,724.49,*,,BANKCARD-8566 BTOT DEP 130226 518089424227932 ANIMAL ELEMENT
2/27/2013,787.97,*,,ANIMAL ELEMENT B:3000 130226 ANIMAL ELEMENT
2/27/2013,2693,*,,ANIMAL ELEMENT B:2000 130226 ANIMAL ELEMENT
2/26/2013,-8700.3,*,,BILL PAY Tennessee Farmer ON-LINE No Account Number ON 02-26
2/26/2013,-6755.4,*,,"BILL PAY BOMAC VETS PLUS, ON-LINE No account number ON 02-26"
2/26/2013,-661.01,*,,BILL PAY UNISHIPPERS ON-LINE xxxxxx18731 ON 02-26
2/26/2013,1495.28,*,,ANIMAL ELEMENT B:2000 130225 ANIMAL ELEMENT
2/25/2013,1089.05,*,,BANKCARD-8566 MTOT DEP 130222 518089424227932 ANIMAL ELEMENT
2/22/2013,-167.44,*,,BILL PAY YRC Freight ON-LINE No Account Number ON 02-22
2/22/2013,255.85,*,,BANKCARD-8566 BTOT DEP 130221 518089424227932 ANIMAL ELEMENT
2/22/2013,1684.55,*,,ANIMAL ELEMENT B:5000 130221 ANIMAL ELEMENT
2/21/2013,-10.89,*,,RECUR DEBIT CRD PMT02/20 BESTBUY GSP MT0001 800-4335778 MN 425907XXXXXX3535 383051205388383 ?MCC=5732
2/21/2013,171.16,*,,BANKCARD-8566 MTOT DEP 130220 518089424227932 ANIMAL ELEMENT
2/21/2013,422.42,*,,ANIMAL ELEMENT Reinits 130220 ANIMAL ELEMENT
2/20/2013,208.35,*,,MOBILE DEPOSIT : REF NUMBER :416200330131
2/20/2013,399.8,*,,ANIMAL ELEMENT B:3000 130219 ANIMAL ELEMENT
2/20/2013,888.94,*,,BANKCARD-8566 MTOT DEP 130219 518089424227932 ANIMAL ELEMENT
2/19/2013,-50,*,,BILL PAY VICKI FRENCH RECURRINGNo account number ON 02-19
2/19/2013,-200,*,,WF Direct Pay-Payment- Tran ID DP032355310
2/19/2013,-15,*,,RECUR DEBIT CRD PMT02/18 PAYPAL *TRAVELINGM 402-935-7733 NC 425907XXXXXX3535 003049401310723 ?MCC=7399
2/19/2013,351.18,*,,BANKCARD-8566 MTOT DEP 130215 518089424227932 ANIMAL ELEMENT
2/19/2013,401.48,*,,BANKCARD-8566 BTOT DEP 130217 518089424227932 ANIMAL ELEMENT
2/19/2013,1184.09,*,,ANIMAL ELEMENT B:2000 130218 ANIMAL ELEMENT
2/15/2013,-71.01,*,,BILL PAY Graphic Producti EXP AGENTNo account number ON 02-15
2/15/2013,-500,*,,WF Direct Pay-Payment- Tran ID DP032325920
2/15/2013,-500,*,,ONLINE TRANSFER REF #IBEXKY2YH2 TO BUSINESS CHECKING XXXXXX1396 ON 02/15/13
2/15/2013,-100,*,,RECURRING TRANSFER REF #OPE5DJSMJK TO BUSINESS MARKET RATE SAVINGS XXXXXX6133
2/14/2013,-272.5,*,,WF Direct Pay-Payment- Tran ID DP032249628
2/14/2013,-98.21,*,,RECUR DEBIT CRD PMT02/13 T-MOBILE RECURRING 800-937-8997 WA 425907XXXXXX3535 003044457489331 ?MCC=4814
2/14/2013,413.17,*,,BANKCARD-8566 MTOT DEP 130213 518089424227932 ANIMAL ELEMENT
2/14/2013,2000,*,,ANIMAL ELEMENT B:4000 130213 ANIMAL ELEMENT
2/13/2013,887.18,*,,BANKCARD-8566 MTOT DEP 130212 518089424227932 ANIMAL ELEMENT
2/12/2013,-283.9,*,,BILL PAY DFW DISTRIBUTION ON-LINE No account number ON 02-12
2/12/2013,-196.4,*,,BILL PAY DFW DISTRIBUTION ON-LINE No account number ON 02-12
2/12/2013,-10,*,,RECUR DEBIT CRD PMT02/11 BACKBLAZE BACKUP 650-352-3738 CA 425907XXXXXX3535 083042497747597 ?MCC=5734
2/12/2013,920.5,*,,ANIMAL ELEMENT B:2000 130211 ANIMAL ELEMENT
2/11/2013,-674.82,*,,BILL PAY UNISHIPPERS ON-LINE xxxxxx18731 ON 02-11
2/11/2013,-1852.91,*,,WF Direct Pay-Payment- Tran ID DP032136430
2/11/2013,151.35,*,,BANKCARD-8566 MTOT DEP 130208 518089424227932 ANIMAL ELEMENT
2/11/2013,289.46,*,,ANIMAL ELEMENT B:6000 130208 ANIMAL ELEMENT
2/8/2013,-250,*,,ONLINE TRANSFER REF #IBEC6L78MK TO BUSINESS CHECKING XXXXXX1396 ON 02/08/13
2/8/2013,-3,*,,DIRECT PAY INDIVIDUAL PYMT TRANS
2/8/2013,-6,*,,DIRECT PAY NONWF BUS PYMT TRANS
2/8/2013,-10,*,,DIRECT PAY MONTHLY BASE
2/8/2013,-14.95,*,,QUICKBOOKS BANKING
2/8/2013,298.81,*,,BANKCARD-8566 MTOT DEP 130207 518089424227932 ANIMAL ELEMENT
2/8/2013,2693,*,,ANIMAL ELEMENT B:5000 130207 ANIMAL ELEMENT
2/7/2013,-97.4,*,,BILL PAY UNISHIPPERS ON-LINE xxxxxx18731 ON 02-07
2/7/2013,-92.74,*,,BILL PAY UNISHIPPERS ON-LINE xxxxxx18731 ON 02-07
2/7/2013,1552.44,*,,BANKCARD-8566 MTOT DEP 130206 518089424227932 ANIMAL ELEMENT
2/6/2013,-0.9,*,,CHECK CRD PURCHASE 02/05 BACKBLAZE BACKUP 650-352-3738 CA 425907XXXXXX3535 163036131070050 ?MCC=5734
2/6/2013,-37.04,*,,"CHECK CRD PURCHASE 02/05 RINGCENTRAL, INC 650-4704100 CA 425907XXXXXX3535 583036480598199 ?MCC=4814"
2/6/2013,1608.06,*,,ANIMAL ELEMENT B:3000 130205 ANIMAL ELEMENT
2/5/2013,-422.42,*,,ANIMAL ELEMENT Returns 130204 ANIMAL ELEMENT
2/5/2013,-87,*,,CHECK CRD PURCHASE 02/04 NATURVET 888-628-8783 CA 425907XXXXXX3535 003035746733278 ?MCC=5199
2/5/2013,422.42,*,,ANIMAL ELEMENT Reinits 130204 ANIMAL ELEMENT
2/4/2013,-21.86,*,,ANIMAL ELEMENT Svc Fees 130201 ANIMAL ELEMENT
2/4/2013,-6892.24,*,,"CHASE EPAY 130201 1486167263 ANIMAL ELEMENT, LLC."
2/4/2013,-340,*,,WITHDRAWAL MADE IN A BRANCH/STORE
2/4/2013,-315.08,*,,BANKCARD-8566 MTOT DISC 130131 518089424227932 ANIMAL ELEMENT
2/4/2013,-9.95,*,,CHECK CRD PURCHASE 02/03 TURBOBRIDGE 888-666-3620 MD 425907XXXXXX3535 003034334630895 ?MCC=4814
2/4/2013,71.9,*,,BANKCARD-8566 MTOT DEP 130201 518089424227932 ANIMAL ELEMENT
2/4/2013,866.85,*,,ANIMAL ELEMENT B:6000 130201 ANIMAL ELEMENT
2/1/2013,273,*,,BANKCARD-8566 MTOT DEP 130131 518089424227932 ANIMAL ELEMENT
1/31/2013,-422.42,*,,ANIMAL ELEMENT Returns 130130 ANIMAL ELEMENT
1/31/2013,-1150.91,*,,CHECK CRD PURCHASE 01/30 PACIFIC BAG 425-4551128 WA 425907XXXXXX3535 463031033564791 ?MCC=7333
1/31/2013,563.04,*,,BANKCARD-8566 BTOT DEP 130130 518089424227932 ANIMAL ELEMENT
1/31/2013,1000,*,,ANIMAL ELEMENT B:4000 130130 ANIMAL ELEMENT
1/30/2013,706.88,*,,BANKCARD-8566 MTOT DEP 130129 518089424227932 ANIMAL ELEMENT
1/29/2013,-612.17,*,,CHECK CRD PURCHASE 01/28 NATURVET 888-628-8783 CA 425907XXXXXX3535 163028706497631 ?MCC=5199
1/29/2013,-900,*,,CHECK CRD PURCHASE 01/28 EQUINE MEDIA WORLD 816-651-3055 MO 425907XXXXXX3535 003028608894898 ?MCC=7311
1/29/2013,1077.42,*,,ANIMAL ELEMENT B:2000 130128 ANIMAL ELEMENT
1/28/2013,-200,*,,ONLINE TRANSFER REF #IBE5DD5LTD TO BUSINESS CHECKING XXXXXX1396 ON 01/28/13
1/28/2013,-92.64,*,,POS PURCHASE - PETCO ANIMAL SUPPLIES REDONDO BEACHCA 3535 00303028119254775
1/28/2013,313.57,*,,BANKCARD-8566 MTOT DEP 130127 518089424227932 ANIMAL ELEMENT
1/28/2013,813.68,*,,ANIMAL ELEMENT B:6000 130125 ANIMAL ELEMENT
1/25/2013,192.79,*,,ANIMAL ELEMENT B:5000 130124 ANIMAL ELEMENT
1/25/2013,1000.62,*,,BANKCARD-8566 MTOT DEP 130124 518089424227932 ANIMAL ELEMENT
1/24/2013,-231,*,,WF Direct Pay-Payment- Tran ID DP031622742
1/24/2013,46.95,*,,BANKCARD-8566 MTOT DEP 130123 518089424227932 ANIMAL ELEMENT
1/23/2013,496.77,*,,BANKCARD-8566 MTOT DEP 130122 518089424227932 ANIMAL ELEMENT
1/23/2013,1054.55,*,,ANIMAL ELEMENT B:3000 130122 ANIMAL ELEMENT
1/22/2013,-3000,*,,WF Direct Pay-Payment- Tran ID DP031556244
1/22/2013,-533.75,*,,WF Direct Pay-Payment- Tran ID DP031548504
1/22/2013,-250,*,,ONLINE TRANSFER REF #IBEC6FVLJP TO BUSINESS CHECKING XXXXXX1396 ON 01/22/13
1/22/2013,-10.89,*,,RECUR DEBIT CRD PMT01/20 BESTBUY GSP MT0001 800-4335778 MN 425907XXXXXX3535 583020161070265 ?MCC=5732
1/22/2013,-15,*,,RECUR DEBIT CRD PMT01/18 PAYPAL *TRAVELINGM 402-935-7733 NC 425907XXXXXX3535 163018430857435 ?MCC=7399
1/22/2013,396,*,,BANKCARD-8566 BTOT DEP 130118 518089424227932 ANIMAL ELEMENT
1/22/2013,678,*,,ANIMAL ELEMENT B:2000 130121 ANIMAL ELEMENT
1/17/2013,756.74,*,,ANIMAL ELEMENT B:4000 130116 ANIMAL ELEMENT
1/16/2013,-50,*,,BILL PAY VICKI FRENCH RECURRINGNo account number ON 01-16
1/15/2013,-212.5,*,,WF Direct Pay-Payment- Tran ID DP031395004
1/15/2013,-100,*,,RECURRING TRANSFER REF #OPE5D9642R TO BUSINESS MARKET RATE SAVINGS XXXXXX6133
1/15/2013,998.46,*,,BANKCARD-8566 MTOT DEP 130114 518089424227932 ANIMAL ELEMENT
1/15/2013,2643.77,*,,ANIMAL ELEMENT B:2000 130114 ANIMAL ELEMENT
1/14/2013,-98.33,*,,RECUR DEBIT CRD PMT01/13 T-MOBILE RECURRING 800-937-8997 WA 425907XXXXXX3535 163013453332088 ?MCC=4814
1/14/2013,-5,*,,RECUR DEBIT CRD PMT01/11 BACKBLAZE BACKUP 650-352-3738 CA 425907XXXXXX3535 083011499173134 ?MCC=5734
1/14/2013,252.79,*,,BANKCARD-8566 MTOT DEP 130111 518089424227932 ANIMAL ELEMENT
1/11/2013,-1000,*,,WF Direct Pay-Payment- Tran ID DP031305756
1/11/2013,-1000,*,,ONLINE TRANSFER REF #IBEMVHRLQS TO BUSINESS CHECKING XXXXXX1396 ON 01/11/13
1/11/2013,274.19,*,,BANKCARD-8566 MTOT DEP 130110 518089424227932 ANIMAL ELEMENT
1/10/2013,1684.84,*,,BANKCARD-8566 MTOT DEP 130109 518089424227932 ANIMAL ELEMENT
1/9/2013,-232,*,,CHECK CRD PURCHASE 01/08 NATURVET 888-628-8783 CA 425907XXXXXX3535 283009028111166 ?MCC=5199
1/9/2013,-3.5,*,,DIRECT PAY INDIVIDUAL PYMT TRANS
1/9/2013,-6,*,,DIRECT PAY NONWF BUS PYMT TRANS
1/9/2013,-10,*,,DIRECT PAY MONTHLY BASE
1/9/2013,-14.95,*,,QUICKBOOKS BANKING
1/9/2013,346.09,*,,ANIMAL ELEMENT B:3000 130108 ANIMAL ELEMENT
1/9/2013,870.82,*,,BANKCARD-8566 MTOT DEP 130108 518089424227932 ANIMAL ELEMENT
1/8/2013,746.05,*,,BANKCARD-8566 BTOT DEP 130107 518089424227932 ANIMAL ELEMENT
1/7/2013,-37.05,*,,"CHECK CRD PURCHASE 01/05 RINGCENTRAL, INC 650-4704100 CA 425907XXXXXX3535 463005474866328 ?MCC=4814"
1/7/2013,298.85,*,,BANKCARD-8566 BTOT DEP 130104 518089424227932 ANIMAL ELEMENT
1/7/2013,1379.75,*,,BANKCARD-8566 MTOT DEP 130106 518089424227932 ANIMAL ELEMENT
1/4/2013,-216.21,*,,CHECK CRD PURCHASE 01/03 NATIONAL POLYMERS 952-4694977 MN 425907XXXXXX2465 163003600518037 ?MCC=5199
1/4/2013,-9.95,*,,CHECK CRD PURCHASE 01/03 TURBOBRIDGE 888-666-3620 MD 425907XXXXXX3535 003003331534956 ?MCC=4814
1/3/2013,-31.4,*,,ANIMAL ELEMENT Svc Fees 130102 ANIMAL ELEMENT
1/3/2013,1252.59,*,,BANKCARD-8566 MTOT DEP 130102 518089424227932 ANIMAL ELEMENT
1/3/2013,2821.6,*,,ANIMAL ELEMENT B:4000 130102 ANIMAL ELEMENT
1/2/2013,-13053.25,*,,CHASE EPAY 121231 1470389730 CHRISTOPHER H JONES
1/2/2013,-173.39,*,,BANKCARD-8566 MTOT DISC 121231 518089424227932 ANIMAL ELEMENT
1/2/2013,827.06,*,,BANKCARD-8566 MTOT DEP 121231 518089424227932 ANIMAL ELEMENT
