number,time,title
FINANCE 121:,not given this year,Undergraduate Finance Research and Discussion Seminar
FINANCE 201:,not given this year,Managerial Finance
FINANCE 204:,not given this year,Managerial Finance - Accelerated
FINANCE 211:,not given this year,"Corporate Finance: Applications, Techniques, and Models"
FINANCE 214:,not given this year,"Accelerated Corporate Finance: Applications, Techniques, and Models"
FINANCE 221:,not given this year,Finance for Non-MBAs
FINANCE 229:,not given this year,MSx: Finance
FINANCE 310:,not given this year,Managerial Finance - Advanced
FINANCE 319:,not given this year,Private Equity Investing Seminar
FINANCE 320:,not given this year,Debt Markets
FINANCE 385:,not given this year,Angel and Venture Capital Financing and Decision Making
FINANCE 555:,not given this year,Managing Wealth and Private Investing
FINANCE 562:,not given this year,Financial Trading Strategies
FINANCE 587:,not given this year,Private Equity - An Overview of the Industry
FINANCE 620:,not given this year,Financial Markets I
FINANCE 621:,not given this year,Financial Markets II
FINANCE 622:,not given this year,Dynamic Asset Pricing Theory
FINANCE 624:,not given this year,Corporate Finance Theory
FINANCE 625:,not given this year,Empirical Asset Pricing
FINANCE 626:,not given this year,Advanced Corporate Finance
FINANCE 628:,not given this year,Finance Pre-Seminar Reading Course
FINANCE 630:,not given this year,Empirical Corporate Finance
FINANCE 632:,not given this year,Empirical Dynamic Asset Pricing
FINANCE 633:,not given this year,Advanced Empirical Corporate Finance
FINANCE 691:,not given this year,"PhD Directed Reading (ACCT 691, GSBGEN 691, HRMGT 691, MGTECON 691, MKTG 691, OB 691, OIT 691, POLECON 691, STRAMGT 691)"
FINANCE 692:,not given this year,"PhD Dissertation Research (ACCT 692, GSBGEN 692, HRMGT 692, MGTECON 692, MKTG 692, OB 692, OIT 692, POLECON 692, STRAMGT 692)"
FINANCE 802:,not given this year,"TGR Dissertation (ACCT 802, GSBGEN 802, HRMGT 802, MGTECON 802, MKTG 802, OB 802, OIT 802, POLECON 802, STRAMGT 802)"
FINANCE 321:,not given this year,Investment Management and Entrepreneurial Finance
FINANCE 322:,not given this year,Financial Intermediaries and Capital Markets
FINANCE 324:,not given this year,Practical Corporate Finance
FINANCE 326:,not given this year,Derivative Securities
FINANCE 327:,not given this year,Financial Markets
FINANCE 329:,not given this year,Investment Seminar
FINANCE 330:,not given this year,Investment Management: Asset Allocation and Asset/Manager Selection
FINANCE 331:,not given this year,Practical Corporate Finance (Accelerated)
FINANCE 332:,not given this year,Finance and Society
FINANCE 335:,not given this year,"Corporate Valuation, Governance and Behavior"
FINANCE 336:,not given this year,The Finance of Retirement and Pensions
FINANCE 341:,not given this year,Modeling for Investment Management
FINANCE 345:,not given this year,History of Financial Crises
FINANCE 345:,not given this year,History of Financial Crises
FINANCE 346:,not given this year,Institutional Money Management
FINANCE 350:,not given this year,Corporate Financial Modeling
FINANCE 351:,not given this year,Advanced Corporate Financial Modeling
FINANCE 361:,not given this year,Behavioral Finance
FINANCE 373:,not given this year,Entrepreneurial Finance
FINANCE 381:,not given this year,Private Equity in Frontier Markets: Creating a New Investible Asset Class
